Type,Day,Activity,Link
Broken,Day 2,Bad Weather Alternative: Laugarvatn Fontana,https://www.fontana.is/
Broken,Day 4,Alternative: Strútsfoss Waterfall,https://epiciceland.net/hidden-gems-in-iceland/#4_Strutsfoss_waterfall
Broken,Day 4,Bad Weather Alternative: Þórbergssetur Museum,https://thorbergssetur.is/
Broken,Day 8,Bad Weather Alternative: Folk Music Center,https://www.thjodlagasetur.is/en/

Type,Day,Activity,Status,Old Link,New Link
Fixed,Day 1,Alternative: Grotta Lighthouse Beach Walk,Added new,N/A,https://www.reddit.com/r/VisitingIceland/comments/1ex4m5s/a_warning_about_grotta_island_in_reykjavik_learn/
Fixed,Day 1,Arrival at Keflavík International Airport,Added new,N/A,https://www.visiticeland.com/article/arrival-in-iceland/
Fixed,Day 1,Bad Weather Alternative: National Museum of Iceland,Fixed,https://www.nationalmuseum.is/,https://www.tripadvisor.com/FAQ_Answers-g189970-d624551-t4510406-How_long_should_I_plan_to_visit_the_museum.html
Fixed,Day 1,Bad Weather Alternative: Shopping on Laugavegur,Added new,N/A,https://guidetoiceland.is/travel-iceland/drive/laugavegur-street
Fixed,Day 1,Bad Weather Alternative: Sægreifinn (The Sea Baron),Added new,N/A,https://www.seiskamimura.com/home/iceland-eats-sgreifinn-the-sea-baron
Fixed,Day 1,Blue Lagoon,Added new,N/A,https://www.bluelagoon.com/
Fixed,Day 1,Breakfast at LiBRARY bistro/bar,Added new,N/A,https://www.facebook.com/groups/bluelagooniceland/posts/856688933328429/
Fixed,Day 1,Check into Hotel Fron,Added new,N/A,https://www.facebook.com/groups/bluelagooniceland/posts/944228404574481/
Fixed,Day 1,Dinner with Heather and Family,Added new,N/A,https://www.facebook.com/groups/guidetoiceland/posts/3079544565519321/
Fixed,Day 1,Drive to Reykjavík,Added new,N/A,https://www.reddit.com/r/VisitingIceland/
Fixed,Day 1,Explore Downtown Reykjavík,Added new,N/A,https://guidetoiceland.is/reykjavik-guide/reykjavik-101-the-ultimate-guide-to-reykjavik-s-city-centre
Fixed,Day 1,Grocery Shopping,Added new,N/A,https://www.reddit.com/r/VisitingIceland/comments/zxed1v/grocery_shopping_in_iceland/
Fixed,Day 2,Alternative: Faxi Waterfall,Added new,N/A,https://guidetoiceland.is/travel-iceland/drive/faxi
Fixed,Day 2,Alternative: Kerið Crater Lake,Added new,N/A,https://www.icelandtravel.is/attractions/kerid/
Fixed,Day 2,Alternative: Tungnaárfellsfoss Waterfall,Fixed,https://epiciceland.net/hidden-gems-in-iceland/,https://icelandthebeautiful.com/tungnaarfellsfoss-waterfall-tungnaa-central-iceland/
Fixed,Day 2,Breakfast at Hotel Frón,Added new,N/A,https://www.tripadvisor.com/LocationPhotoDirectLink-g189970-d487223-i230038301-Hotel_Fron-Reykjavik_Capital_Region.html
Fixed,Day 2,Check in at Country Dream Guesthouse,Added new,N/A,https://duckduckgo.com/y.js?ad_domain=tripadvisor.com&ad_provider=bingv7aa&ad_type=txad&click_metadata=BD4SFDEQBafnd%2DvGtlUBXGb00W67_ymG7lEmsTaBIFulIlAhJNL0cfEk2O4KCZok79bO0MRSwIo6vYfdq10XKfhDHXpMsNabu6sbLBrOtv7Kd9BU0LY7XIZ96T7pTQRL.SvLJuJ4n369VXnr0k7iVhQ&rut=5aaa228e97fc44f74672bdfaecc82737f0561633a3810c94ddd26dd9d16ba892&u3=https%3A%2F%2Fwww.bing.com%2Faclick%3Fld%3De8iIxiTej561fIUxh6KRDegDVUCUwJTtkx9YDtvULCBfAck6UGRqL6IlgfTBdpH1nP6aDTuvPcrpbq0XE3QrECTMFUi7vsAqoC%2DkVExxH8UOxAYLpV%2D5wsBE_1aAV9TCSFI2FGScbysZDopXG7YfrGkaXq10hTRDcnrBXc5bpCmPPZpFsgHcuMb_hl2ExAn_hXzhtu9Q%26u%3DaHR0cHMlM2ElMmYlMmZ3d3cudHJpcGFkdmlzb3IuY29tJTJmSG90ZWxfUmV2aWV3LXMxJTNmZ2VvJTNkMTg5OTc4JTI2ZGV0YWlsJTNkMTIyMjA2MjElMjZtJTNkMTEwMDQlMjZzdXBjbSUzZDI5NTAwNjg3OSUyNnN1cGFnJTNkMTI2NjYzNzQ4NDQ4MjgwNiUyNnN1cHRpJTNka3dkLTc5MTY0ODgxODQ4NzEyJTNhbG9jLTE5MCUyNnN1cGFpJTNkNzkxNjUwNDUxNDk3ODMlMjZzdXBkdiUzZGMlMjZzdXBudCUzZHMlMjZzdXBrdyUzZENoZWNrJTI1MjBpbiUyNTIwYXQlMjUyMENvdW50cnklMjUyMERyZWFtJTI1MjBHdWVzdGhvdXNlJTI1MjBJY2VsYW5kJTI1MjB0cmF2ZWwlMjZtc2Nsa2lkJTNkZDJlNmFkZmY5NDYyMWNkOTRiNTdjYTFiM2E0MjYzZTg%26rlid%3Dd2e6adff94621cd94b57ca1b3a4263e8&vqd=4-141005330034807193837018919023990896813&iurl=%7B1%7DIG%3DA5939D986ABA4DB2A5600E98B223B046%26CID%3D062E7CBC6D8465BC159769006CEB6430%26ID%3DDevEx%2C5047.1
Fixed,Day 2,Dinner in Selfoss,Added new,N/A,https://guidetoiceland.is/best-of-iceland/top-things-to-do-in-selfoss
Fixed,Day 2,Drive to Þingvellir National Park,Added new,N/A,https://www.hiticeland.com/post/thingvellir-national-park
Fixed,Day 2,Geysir Geothermal Area,Added new,N/A,https://guidetoiceland.is/travel-iceland/drive/geysir
Fixed,Day 2,Gullfoss Waterfall,Added new,N/A,https://guidetoiceland.is/travel-iceland/drive/gullfoss
Fixed,Day 2,Lunch at Friðheimar Tomato Greenhouse,Added new,N/A,https://fridheimar.is/en/
Fixed,Day 2,Reykjadalur Hot Spring Thermal River Hike,Added new,N/A,https://siggadottir.com/reykjadalur-hot-springs/
Fixed,Day 2,Þingvellir National Park,Added new,N/A,https://www.thingvellir.is/en/
Fixed,Day 3,Alternative: Kvernufoss Waterfall,Added new,N/A,https://www.adventurouskate.com/kvernufoss-waterfall-iceland/
Fixed,Day 3,Alternative: Sólheimajökull Glacier Viewpoint,Added new,N/A,https://www.tripadvisor.com/Attraction_Review-g189978-d7790479-Reviews-Solheimajokull_Glacier-Vik_South_Region.html
Fixed,Day 3,Alternative: Vík i Myrdal Church,Added new,N/A,https://www.facebook.com/groups/bluelagooniceland/posts/848116270852362/
Fixed,Day 3,Bad Weather Alternative: Skogar Swimming Pool,Added new,N/A,https://www.tripadvisor.com/Attraction_Review-g608884-d1138165-Reviews-Seljavallalaug-Skogar_South_Region.html
Fixed,Day 3,Breakfast at Country Dream guesthouse,Added new,N/A,https://www.tripadvisor.com/ShowUserReviews-g315852-d10514078-r733730284-Country_Dream-Selfoss_South_Region.html?m=27208
Fixed,Day 3,Check in at The Barn,Added new,N/A,https://www.facebook.com/groups/bluelagooniceland/posts/783721253958531/
Fixed,Day 3,Dinner at Suður-Vík Restaurant,Added new,N/A,https://www.reddit.com/r/VisitingIceland/comments/132bqp1/best_dining_in_vik/
Fixed,Day 3,Drive to Seljalandsfoss,Added new,N/A,https://www.lilymtang.com/blog/2019/2/13/day-3-seljalandsfoss-slheimajkull
Fixed,Day 3,Drive to Skógafoss,Added new,N/A,https://lustinherworld.com/blog/iceland-2-day-south-coast-road-trip
Fixed,Day 3,Drive to The Barn,Added new,N/A,https://grapevine.is/travel/2016/08/24/havari-driving-the-length-of-iceland-to-the-eastern-party-barn/
Fixed,Day 3,Drive to Vikurfjara Black Sand Beach,Added new,N/A,https://www.tripadvisor.com/FAQ_Answers-g189978-d2402443-t7677955-We_are_hoping_to_visit_the_black_sand_beach_on.html
Fixed,Day 3,Dyrhólaey Peninsula,Added new,N/A,https://ilivetotravel.me/iceland-south-shore-dyrholaey-vik/
Fixed,Day 3,Lunch at Skógar Museum café,Added new,N/A,https://www.tripadvisor.com/Restaurant_Review-g608884-d24141588-Reviews-Freya_Cafe-Skogar_South_Region.html
Fixed,Day 3,Meet Heather,Added new,N/A,https://icelandweddingplanner.com/2019/01/18/iceland-elopement-photographer-heather-mike/
Fixed,Day 3,Reynisfjara Black Sand Beach,Added new,N/A,https://fortheloveofwanderlust.com/the-black-sand-beaches-of-vik-and-reynisfjara-iceland/
Fixed,Day 3,Seljalandsfoss Waterfall,Added new,N/A,https://guidetoiceland.is/travel-iceland/drive/seljalandsfoss
Fixed,Day 3,Skógafoss Waterfall and Hiking Trail,Added new,N/A,https://siggadottir.com/skogafoss-waterfall-hike/
Fixed,Day 3,Vikurfjara Black Sand Beach,Added new,N/A,https://www.tripadvisor.com/Attraction_Review-g189978-d2402443-Reviews-Vikurfjara_Black_Sand_Beach-Vik_South_Region.html
Fixed,Day 4,Alternative: Heinabergslón Glacial Lagoon,Added new,N/A,https://duckduckgo.com/y.js?ad_domain=adventures.is&ad_provider=bingv7aa&ad_type=txad&click_metadata=g41sHeHyslpPMQ04xx71wWe6gMcLKsxlg3%2DX5I3Sw0o5X2mIZawNzy7vcXtSHHZxQfsqNq2lMFNcDRtZuRBONrbmouTXWCUjEz3SiuuHHl1zdc4AYi7rsCOl3Q0_alTc.yST7NC0u5WuZkMm_0sbS4Q&rut=1ed9cb3969f6926a4506622400ca7cd0c53a9632b3f6a1c252189ed28d0f1fdd&u3=https%3A%2F%2Fwww.bing.com%2Faclick%3Fld%3De8K2a7A3R3PcJs%2DDVLMcS0pDVUCUx3xkwhZi1DUYyz%2DuNAyVwnRJkLitaI2JJsnHNqGjUYzKNB1plNNAnWdogHp_xYnm1BEd_NV%2DVygY6QsDhmxVSURxP6lX73Nfzs7Yov4EmTHqrjdNZ5U45XIJ%2DipvlLnzDxhgwAChpnEblnqSDETWJeTkkfcvTpNj8eplIA03YMFg%26u%3DaHR0cHMlM2ElMmYlMmZhZHZlbnR1cmVzLmlzJTJmaWNlbGFuZCUyZmRheS10b3VycyUyZmdsYWNpZXItdG91cnMlMmZnbGFjaWVyLXRvdXJzLW9uLXZhdG5ham9rdWxsJTJmZ2xhY2llci1ncmFuZC1zbGFtJTJmJTNmbXNjbGtpZCUzZGY4ZmJmMTg1ODE3ZDFhY2U3NDFkOTY2MTMwODdjNDViJTI2dXRtX3NvdXJjZSUzZGJpbmclMjZ1dG1fbWVkaXVtJTNkY3BjJTI2dXRtX2NhbXBhaWduJTNkTUNNJTI1MjAlMjU3QyUyNTIwR2xhY2llciUyNTIwJTI1N0MlMjUyMFNlYXJjaCUyNTIwJTI1N0MlMjUyMFVTJTI2dXRtX3Rlcm0lM2RnbGFjaWVyJTI1MjBsYWdvb24lMjUyMHRvdXIlMjUyMGljZWxhbmQlMjZ1dG1fY29udGVudCUzZE1DTSUyNTIwLSUyNTIwR2xhY2llciUyNTIwLSUyNTIwVVMlMjUyMC0lMjUyMExhZ29vbiUyNTIwLSUyNTIwUGhyYXNl%26rlid%3Df8fbf185817d1ace741d96613087c45b&vqd=4-54271613507023968212572477531655333633&iurl=%7B1%7DIG%3DEE2D6BC244134B0FA8698D7F72BECA45%26CID%3D10DA412692A6675D0F32549A93C966CB%26ID%3DDevEx%2C5047.1
Fixed,Day 4,Alternative: Hoffelsjökull Glacier Viewpoint,Added new,N/A,https://duckduckgo.com/y.js?ad_domain=adventures.is&ad_provider=bingv7aa&ad_type=txad&click_metadata=NBc1UbHmpLmeEOMZT3kqJwD%2DtSPgwDt7nF9O1UfpFvC%2Dn_DFEE98Y6ZVkGqhXc4P4RoNU4yP_rkb5X6xUA5C0m2faEgZf7mKpCgjfLbc6vMlu7xOVWuUscdcwOdAdW%2Dg.qOt52irVf4mtcTRUDTCsEQ&rut=4073a2897460550da0bdcc7851af3970432faa9224f2bd38ded4792ce8d1b3a4&u3=https%3A%2F%2Fwww.bing.com%2Faclick%3Fld%3De8K1VqZnKQ5jsRWRG7yRbq1DVUCUwTmCss%2DzklF842PzBp0EsfCzy9OL%2DI0TiOzrp4fiCXI6esvnUAQhG9eCj6TXQFkZOrZrUyxnXNJ16JrTNxOdddS6p8pILHn_Gun%2DWUoMErccvptRaEUkn7JplJ2OscEgkqTJDld1JKDvl6ZJNDEPoWL3g5SIVil8p%2Dl0wnBm3twQ%26u%3DaHR0cHMlM2ElMmYlMmZhZHZlbnR1cmVzLmlzJTJmaWNlbGFuZCUyZmRheS10b3VycyUyZmdsYWNpZXItdG91cnMlMmYlM2Ztc2Nsa2lkJTNkMTYzOGQyZjM0OTU0MTZhNThkODliNTE3ZmI1M2ExZDclMjZ1dG1fc291cmNlJTNkYmluZyUyNnV0bV9tZWRpdW0lM2RjcGMlMjZ1dG1fY2FtcGFpZ24lM2RNQ00lMjUyMCUyNTdDJTI1MjBHbGFjaWVyJTI1MjAlMjU3QyUyNTIwU2VhcmNoJTI1MjAlMjU3QyUyNTIwVVMlMjZ1dG1fdGVybSUzZGljZWxhbmQlMjUyMHRvdXJzJTI1MjBnbGFjaWVyJTI2dXRtX2NvbnRlbnQlM2RNQ00lMjUyMC0lMjUyMEdsYWNpZXIlMjUyMC0lMjUyMFVTJTI1MjAtJTI1MjBHZW5lcmljJTI1MjAtJTI1MjBQaHJhc2U%26rlid%3D1638d2f3495416a58d89b517fb53a1d7&vqd=4-5558207221925388455331224432875591664&iurl=%7B1%7DIG%3D4B4CAC840DE04D6E836211CD71CD4456%26CID%3D2D726EF43499692423FA7B4835BE68CF%26ID%3DDevEx%2C5047.1
Fixed,Day 4,Drive to Jökulsárlón Glacier Lagoon,Added new,N/A,https://duckduckgo.com/y.js?ad_domain=adventures.is&ad_provider=bingv7aa&ad_type=txad&click_metadata=hSWMB3iNKPVIcDS0MoQzwQUiRTmO8Um1Uv4H3IPDvrXqu5a1PzyAi_7pGtt_1V_yPF8YN94fXPF0R4bKONbOV99gyGbdSX6911BSeQ3kBR27Kqkan57zsttPfiEafHYa.69EUKRWTPolHDdxklbdxEQ&rut=a85618455763eb45105b476dd4eeab1b93f284decc7289e3c6978c01c75abbdc&u3=https%3A%2F%2Fwww.bing.com%2Faclick%3Fld%3De86keFq7p4KNGJkouEwoVEUjVUCUzsTBnKKWE_wuCJ0yYChpemqUaTia4ybQ_clDOxytCVYY0tgKDEAxpqHKwA9RFjgylg0qs7idNscC02XlOAISRlVY9o6JU8EZc32pRK96_iaGm1sioBuWexyGOl_Un6X8QTfQppA4w7hZ6aLAJ%2DKmMbWoCGaViIttM77vklOcIttg%26u%3DaHR0cHMlM2ElMmYlMmZhZHZlbnR1cmVzLmlzJTJmaWNlbGFuZCUyZmRheS10b3VycyUyZmdsYWNpZXItdG91cnMlMmYlM2Ztc2Nsa2lkJTNkMjE4MDA2ZWY4MzgxMTUzMjg5M2U2MTBiMzIwNTkzN2YlMjZ1dG1fc291cmNlJTNkYmluZyUyNnV0bV9tZWRpdW0lM2RjcGMlMjZ1dG1fY2FtcGFpZ24lM2RNQ00lMjUyMCUyNTdDJTI1MjBHbGFjaWVyJTI1MjAlMjU3QyUyNTIwU2VhcmNoJTI1MjAlMjU3QyUyNTIwVVMlMjZ1dG1fdGVybSUzZGljZWxhbmQlMjUyMGdsYWNpZXIlMjUyMHRvdXIlMjZ1dG1fY29udGVudCUzZE1DTSUyNTIwLSUyNTIwR2xhY2llciUyNTIwLSUyNTIwVVMlMjUyMC0lMjUyMEdlbmVyaWMlMjUyMC0lMjUyMFBocmFzZQ%26rlid%3D218006ef83811532893e610b3205937f&vqd=4-196827729361316290069112968921660801748&iurl=%7B1%7DIG%3DC60A929F6E8B46ABBC2BBB15CD44F083%26CID%3D38D7BFEC1D2665863077AA501CBA6479%26ID%3DDevEx%2C5048.1
Fixed,Day 4,Fjallajökull Glacier Viewpoint,Added new,N/A,https://duckduckgo.com/y.js?ad_domain=adventures.is&ad_provider=bingv7aa&ad_type=txad&click_metadata=3HESuixKqsmDGExUtuDQrU6Of6FhxZraZ451xnE3Q_WKE57Af51h3IpGxUASVjg%2DXTfqLTzjl3hABtsn_kBxko4MF_1nC3MU89XbUQX86fVZ4UtDu6TPiEPNW1ePic9L.0GzcMrnXI6m9jwXvgKybpg&rut=63929ab5c234b7300bf70aaa85335c6cbbe2b1c94dc9c67000249e80b80fa6a6&u3=https%3A%2F%2Fwww.bing.com%2Faclick%3Fld%3De8n5vkz%2Dl9FaR8aczecfgvSDVUCUwczKWnVH%2DRwo3TAsbuy6KwtS3IcSLhb6sr%2DEuujEWRlmjG40k9L9Ny8_NWk4YU6yb%2DkUaNHbO_n2uv_oE%2Dr%2D2bSlfELiyisQKtJSA0z_ytC0pWZWr8ikkoaPeL00EKOh1OGYo1k9OoOVia%2DWD0p5AigYmfcIGELV6tYBwld43aDg%26u%3DaHR0cHMlM2ElMmYlMmZhZHZlbnR1cmVzLmlzJTJmaWNlbGFuZCUyZmRheS10b3VycyUyZmdsYWNpZXItdG91cnMlMmYlM2Ztc2Nsa2lkJTNkZDEzYjQyMzQzODhjMTk4YjU0YWMyNWQwODkyNWU3MjIlMjZ1dG1fc291cmNlJTNkYmluZyUyNnV0bV9tZWRpdW0lM2RjcGMlMjZ1dG1fY2FtcGFpZ24lM2RNQ00lMjUyMCUyNTdDJTI1MjBHbGFjaWVyJTI1MjAlMjU3QyUyNTIwU2VhcmNoJTI1MjAlMjU3QyUyNTIwVVMlMjZ1dG1fdGVybSUzZGdsYWNpZXIlMjUyMGhpa2UlMjUyMHRvdXJzJTI1MjBpY2VsYW5kJTI2dXRtX2NvbnRlbnQlM2RNQ00lMjUyMC0lMjUyMEdsYWNpZXIlMjUyMC0lMjUyMFVTJTI1MjAtJTI1MjBIaWtlJTI1MjAtJTI1MjBQaHJhc2U%26rlid%3Dd13b4234388c198b54ac25d08925e722&vqd=4-157551308261534758448257581408125924536&iurl=%7B1%7DIG%3D4FD20AB92615410DAC4649DBF9B606A6%26CID%3D318FC64D04B06D803054D3F1052C6C3F%26ID%3DDevEx%2C5047.1
Fixed,Day 4,Lunch at Visitor Center,Added new,N/A,https://visitorsguide.is/
Fixed,Day 4,Svartifoss Waterfall Hike,Added new,N/A,https://enrichingpursuits.com/svartifoss-waterfall-hike/
Fixed,Day 5,Alternative: Búlandstindur Mountain,Added new,N/A,https://www.funiceland.is/nature/mountains/bulandstindur/
Fixed,Day 5,Alternative: Fáskrúðsfjörður French Connection,Fixed,https://franska.is/en/,https://icelandtravelguide.is/locations/faskrudsfjordur-village/
Fixed,Day 5,Alternative: Tvísöngur Sound Sculpture,Fixed,https://www.visitseydisfjordur.com/tvisongur-sound-sculpture/,https://guidetoiceland.is/connect-with-locals/regina/the-sound-sculpture-tvisongur-in-seydisfjordur
Fixed,Day 5,Bad Weather Alternative: East Iceland Heritage Museum,Fixed,https://www.minjasafn.is/en,https://www.icelandtravel.is/attractions/heritage-museum/
Fixed,Day 5,Breakfast near Höfn,Added new,N/A,https://www.tripadvisor.com/Restaurants-g189960-zfp2-Hofn_East_Region.html
Fixed,Day 5,Check in at Alfheimar Hotel,Added new,N/A,https://guidetoiceland.is/accommodation/iceland-hotels-east/alfheimar-country-hotel
Fixed,Day 5,Drive to Borgarfjörður Eystri,Added new,N/A,https://duckduckgo.com/y.js?ad_domain=audleytravel.com&ad_provider=bingv7aa&ad_type=txad&click_metadata=kyR9My0uz4QeArZpZT8G5u5axXHwc6YnSlJaWikbnk01nOOi3rnWfSm%2DSJDwKMgs7CURJTmxGI6oFZc_3xxF7BNaLuQl76mU3suKQuWU__F1y1gGdOZEq0diT6pi1b97.KdilYuU1QQnDxb2cKn5pHg&rut=62fe8207683814f8c542375aa85ae416ebe53e69b7b5f0f3569c7d3f332e97ea&u3=https%3A%2F%2Fwww.bing.com%2Faclick%3Fld%3De8PosFcK1rdq_GFVNldRXH7DVUCUzonD5zo%2DGPYhV85rUUdQVsztqObODxvuDuxbmLOLMCTiBOM3%2DmpBxlo87Q5g0n%2DC7K8%2DMcqBmJBnQTZI3CsZqi57%2Di3DhJz59fomMkmm8blyKkoipXGYaoBTiuryJJkDV1n6pYA8DZj0Ws_S9ljBmhXvbWNOeIEUt_kcBavKORzQ%26u%3DaHR0cHMlM2ElMmYlMmZ3d3cuYXVkbGV5dHJhdmVsLmNvbSUyZnVzJTJmaWNlbGFuZCUyZnRvdXJzJTJmYWN0aXZlLWljZWxhbmQtc2VsZmRyaXZlLXdhdGVyZmFsbHMtdm9sY2Fub2VzLWFuZC1sYWdvb25zJTNmaW5maW5pdHklM2RpY3QyJTdlbmV0JTdlZ2F3JTdlY21wJTdlNzEwMzAzMTUwJTdlYWclN2UxMjQzNTQ4OTU0MjkwNDgxJTdlYXIlN2UlN2VrdyU3ZUljZWxhbmQlMjUyMHJvYWQlMjUyMHRyaXBzJTdlbXQlN2VwJTdlYWNyJTdlMjU2OTY0NTAxMCUyNmF1ZGNtcCUzZDcxMDMwMzE1MCUyNmF1ZGFkZyUzZDEyNDM1NDg5NTQyOTA0ODElMjZhdWRrZXklM2RJY2VsYW5kJTI1MjByb2FkJTI1MjB0cmlwcyUyNmF1ZGRldiUzZGMlMjZhdWRhZGlkJTNkJTI2YXVkcG9zJTNkJTI2YXVkdHJndCUzZGt3ZC03NzcyMjE1MzcwNDY3MyUzYWxvYy0xOTAlMjZhdWR0ZWwlM2RwcGNuYiUyNmF1ZG5ldCUzZHMlMjZtc2Nsa2lkJTNkYjkyNzY0YjY5Mzg2MTM0MjBmMDIwMzUyM2M4YmRkNWElMjZ1dG1fc291cmNlJTNkYmluZyUyNnV0bV9tZWRpdW0lM2RjcGMlMjZ1dG1fY2FtcGFpZ24lM2RXRU1FQSUyNTIwLSUyNTIwSUNFJTI1MjAtJTI1MjBJY2VsYW5kJTI2dXRtX3Rlcm0lM2RJY2VsYW5kJTI1MjByb2FkJTI1MjB0cmlwcyUyNnV0bV9jb250ZW50JTNkSWNlbGFuZCUyNTIwLSUyNTIwU2VsZi1Ecml2ZQ%26rlid%3Db92764b6938613420f0203523c8bdd5a&vqd=4-337355910893944985271120275811250305687&iurl=%7B1%7DIG%3D64766F915F27438CA663ED14224A3562%26CID%3D361C7BD7E7276BA306BC6E6BE6BB6A5C%26ID%3DDevEx%2C5048.1
Fixed,Day 5,Drive to Hvalnes Lighthouse,Added new,N/A,https://guidetoiceland.is/travel-iceland/drive/hvalnes-lighthouse-1
Fixed,Day 5,Drive to Reindeer Park,Added new,N/A,https://icelandtravelguide.is/tours/studlagil-canyon-reindeer-park/
Fixed,Day 5,Drive to Vestrahorn,Added new,N/A,https://guidetoiceland.is/travel-iceland/drive/vestrahorn
Fixed,Day 5,Stórurð Basin Hike,Added new,N/A,https://duckduckgo.com/y.js?ad_domain=audleytravel.com&ad_provider=bingv7aa&ad_type=txad&click_metadata=w46bJvV_tBNHN9vgwkPhakOhuEVZ4djHxHy_0JGuvhhnipD91uqBIkd%2DWGe6WDIsMNBrpGWP2KKMyLANB_7bU5cMOEcuL7ZDWNCWJ6C37u7Y7NPc3O6URcGVfWBvNOiW.szAncQ0%2DZgsBMchwa7rDlQ&rut=76eb5fff4c62cc1a8d72afcae38270194ce88a056162f45a5281aeec0d0d0074&u3=https%3A%2F%2Fwww.bing.com%2Faclick%3Fld%3De8nvzUGNcI34xKmKV%2DLwsSSTVUCUyqBP3q9Gu9s3%2DoyNqIdSa9WuDoL5sCianRuWjB5B0oW7OUKoJj_Iwagq8RekJ3FJlMd%2DONoQyPDM4oSwBq2GgQ2_ukiDyHIirG7JX3CibCm14mBqggiWp0Q2hqX7RLOll4hnOmaA643E_Uba4ubczwDqYhRuH_nXgPOJ008XiHew%26u%3DaHR0cHMlM2ElMmYlMmZ3d3cuYXVkbGV5dHJhdmVsLmNvbSUyZnVzJTJmaWNlbGFuZCUyZnBsYWNlcy10by1nbyUzZmluZmluaXR5JTNkaWN0MiU3ZW5ldCU3ZWdhdyU3ZWNtcCU3ZTcxMDMwMzE1MCU3ZWFnJTdlMTI1MzQ0NDU1ODMxNjY5OCU3ZWFyJTdlJTdla3clN2V3aGF0JTI1MjB0byUyNTIwdmlzaXQlMjUyMGluJTI1MjBJY2VsYW5kJTdlbXQlN2VwJTdlYWNyJTdlMjU2OTY0NTAxMCUyNmF1ZGNtcCUzZDcxMDMwMzE1MCUyNmF1ZGFkZyUzZDEyNTM0NDQ1NTgzMTY2OTglMjZhdWRrZXklM2R3aGF0JTI1MjB0byUyNTIwdmlzaXQlMjUyMGluJTI1MjBJY2VsYW5kJTI2YXVkZGV2JTNkYyUyNmF1ZGFkaWQlM2QlMjZhdWRwb3MlM2QlMjZhdWR0cmd0JTNka3dkLTc4MzQwNjI4Njk0NDQxJTNhbG9jLTE5MCUyNmF1ZHRlbCUzZHBwY25iJTI2YXVkbmV0JTNkcyUyNm1zY2xraWQlM2QxNzk2NjJiYmRlNDkxNzNjODljOTA1NWY3MTUwNzlmZSUyNnV0bV9zb3VyY2UlM2RiaW5nJTI2dXRtX21lZGl1bSUzZGNwYyUyNnV0bV9jYW1wYWlnbiUzZFdFTUVBJTI1MjAtJTI1MjBJQ0UlMjUyMC0lMjUyMEljZWxhbmQlMjZ1dG1fdGVybSUzZHdoYXQlMjUyMHRvJTI1MjB2aXNpdCUyNTIwaW4lMjUyMEljZWxhbmQlMjZ1dG1fY29udGVudCUzZEljZWxhbmQlMjUyMC0lMjUyMFBsYWNlcyUyNTIwVG8lMjUyMFZpc2l0%26rlid%3D179662bbde49173c89c9055f715079fe&vqd=4-172482022587642489824423218011924444544&iurl=%7B1%7DIG%3DF80846607D684E13B97F6BBD59A71684%26CID%3D0C006F6E98A56F5101947AD2991F6E45%26ID%3DDevEx%2C5047.1
Fixed,Day 5,Vestrahorn and Stokksnes Beach,Added new,N/A,https://www.reddit.com/r/VisitingIceland/comments/147pquz/accessing_private_vestrahorn_mountain_stokksnes/
Fixed,Day 6,Alternative: Dyrfjöll Mountain Viewpoint,Added new,N/A,https://icelandtravelguide.is/locations/dyrfjoll-mountains/
Fixed,Day 6,Alternative: Icelandic Wilderness Center,Fixed,https://wilderness.is/,http://wilderness.is/
Fixed,Day 6,Alternative: Ker Cliffs (Þerribjörg Sea Cliffs),Fixed,https://epiciceland.net/hidden-gems-in-iceland/,https://www.iceland-dream.com/stories/2021/therribjorg-landsendi
Fixed,Day 6,Alternative: Lindarbakki Turf House,Added new,N/A,https://guidetoiceland.is/connect-with-locals/regina/lindarbakki-turf-house-in-borgarfjordur-eystri
Fixed,Day 6,Alternative: Álfaborg (Elf Rock),Added new,N/A,https://guidetoiceland.is/connect-with-locals/regina/alfaborg---the-city-of-the-hidden-people-in-east-iceland
Fixed,Day 6,Bad Weather Alternative: East Iceland Heritage Museum,Fixed,https://www.minjasafn.is/en,https://www.tripadvisor.com/Attraction_Review-g315847-d522832-Reviews-East_Iceland_Heritage_Museum_Minjasafn_Austurlands-Egilsstadir_East_Region.html
Fixed,Day 6,Bad Weather Alternative: Egilsstaðir Swimming Pool,Added new,N/A,https://www.tripadvisor.com/Attraction_Review-g315847-d9461469-Reviews-Egilsstadir_Swimming_Pool-Egilsstadir_East_Region.html
Fixed,Day 6,Bad Weather Alternative: Elf Museum (Álfaheimar),Added new,N/A,https://guidetoiceland.is/travel-iceland/drive/eldheimar-museum
Fixed,Day 6,Breakfast at Alfheimar Hotel,Added new,N/A,https://www.tripadvisor.com/Hotel_Review-g3226240-d2218239-Reviews-Alfheimar-Borgarfjordur_Eystri_East_Region.html
Fixed,Day 6,Brúnavík Beach Hike,Added new,N/A,https://epiciceland.net/tag/brunavik/
Fixed,Day 6,Check in at Ásgeirsstaðir Cottages,Added new,N/A,https://www.expedia.com/Iceland-Cottages.d79-aaCottages.Travel-Guide-Accommodation
Fixed,Day 6,Drive on F946 Loðmundarfjarðarvegur,Added new,N/A,https://www.reddit.com/r/VisitingIceland/comments/ujsx7k/iceland_f_roads_in_4k_f946_lo%C3%B0mundarfjar%C3%B0arvegur/
Fixed,Day 6,Drive to Brúnavík Beach Trailhead,Added new,N/A,https://epiciceland.net/tag/breidavik/
Fixed,Day 6,Drive to Hafnarhólmi Puffin Colony,Added new,N/A,https://www.safaritalk.net/topic/23114-iceland-in-july-priority-puffins/
Fixed,Day 6,Drive to Ásgeirsstaðir Cottages,Added new,N/A,https://www.expedia.com/Iceland-Cottages.d79-aaCottages.Travel-Guide-Accommodation
Fixed,Day 6,Hafnarhólmi Puffin Colony,Added new,N/A,https://www.safaritalk.net/topic/23114-iceland-in-july-priority-puffins/
Fixed,Day 6,Self-catered dinner at cottage,Added new,N/A,https://www.tour.is/tour-package/family-self-catering-cottage-stay-7-days
Fixed,Day 7,Alternative: Bergárfoss Waterfall,Fixed,https://epiciceland.net/hidden-gems-in-iceland/,https://thephotohikes.com/bergarfoss-waterfall/
Fixed,Day 7,Alternative: Grjótagjá Cave,Added new,N/A,https://www.reddit.com/r/Iceland/comments/262dk9/question_about_grj%C3%B3tagj%C3%A1_game_of_thrones_shooting/
Fixed,Day 7,Alternative: Hverfjall Crater Hike,Added new,N/A,https://www.havemediawilltravel.com/iceland-part-4-of-7-studlagil-canyon-dettifoss-viti-crater-hverfjall-crater-lake-myvatn-godafoss-haifoss-stong-and-gjain/
Fixed,Day 7,Alternative: Krafla Volcano,Added new,N/A,https://iceland.nordicvisitor.com/travel-guide/attractions/north-iceland/krafla/
Fixed,Day 7,Alternative: Námaskarð Geothermal Area,Added new,N/A,https://guidetoiceland.is/travel-iceland/drive/namaskard
Fixed,Day 7,Bad Weather Alternative: Akureyri Art Museum,Fixed,https://www.listasafn.akureyri.is/en,https://www.tripadvisor.com/Attraction_Review-g189954-d2068005-Reviews-Safnasafnid_The_Folk_and_Outsider_Art_Museum-Akureyri_Northeast_Region.html
Fixed,Day 7,Bad Weather Alternative: Sigurgeir's Bird Museum,Fixed,https://www.fuglasafn.is/en/,https://www.tripadvisor.com/Attraction_Review-g1096230-d3224765-Reviews-Sigurgeirs_Bird_Museum-Reykjahlid_Lake_Myvatn_Northeast_Region.html
Fixed,Day 7,Breakfast at Ásgeirsstaðir Cottages,Added new,N/A,https://www.expedia.com/Iceland-Cottages.d79-aaCottages.Travel-Guide-Accommodation
Fixed,Day 7,Check in at Airbnb in Akureyri,Added new,N/A,https://www.reddit.com/r/VisitingIceland/
Fixed,Day 7,Drive to Akureyri,Added new,N/A,https://www.asherworldturns.com/iceland-road-trip-day-1-drive-to-akureyri/
Fixed,Day 7,Drive to Dettifoss Waterfall,Added new,N/A,https://handandarrow.com/traveling-iceland-day-6-dettifoss-and-a-long-drive-to-hofn/
Fixed,Day 7,Drive to Goðafoss Waterfall,Added new,N/A,https://handandarrow.com/traveling-iceland-day-4-long-drive-to-akureyri-and-godafoss/
Fixed,Day 7,Drive to Ker Cliffs (Þerribjörg Sea Cliffs),Added new,N/A,https://www.iceland-dream.com/stories/2021/therribjorg-landsendi
Fixed,Day 7,Drive to Mývatn Nature Baths,Added new,N/A,https://www.ahappypassport.com/blog/ring-road-day-4
Fixed,Day 7,Drive to Ásbyrgi Canyon,Added new,N/A,https://www.tripadvisor.com/ShowTopic-g189952-i223-k14450265-Visiting_Dettifoss_and_Asbyrgi_canyon_864_and_862-Iceland.html
Fixed,Day 7,Goðafoss Waterfall,Added new,N/A,https://www.icelandtravel.is/attractions/godafoss/
Fixed,Day 7,Ker Cliffs Hike,Added new,N/A,https://epiciceland.net/tag/ker/
Fixed,Day 7,Mývatn Nature Baths,Added new,N/A,https://myvatnnaturebaths.is/
Fixed,Day 7,Ásbyrgi Canyon,Added new,N/A,https://www.tripadvisor.com/ShowTopic-g189952-i223-k14450265-Visiting_Dettifoss_and_Asbyrgi_canyon_864_and_862-Iceland.html
Fixed,Day 8,Alternative: Grafarkirkja,Added new,N/A,https://icelandtravelguide.is/locations/grafarkirkja-turf-church/
Fixed,Day 8,Bjórböðin Beer Spa,Added new,N/A,https://guidetoiceland.is/book-holiday-trips/bjorbodin
Fixed,Day 8,Breakfast at Akureyri Airbnb,Added new,N/A,https://duckduckgo.com/y.js?ad_domain=tripadvisor.com&ad_provider=bingv7aa&ad_type=txad&click_metadata=2DSBAVFN_W4HG7%2DRFR5MMSgUsxBe3cFVT0FMM5vjsOufgYjpGi79QZKtywjwHXK1d1pE989_X5w9qzwY%2DPc5B%2DhkDHihwVji9mjZsm37HJ%2DqvSFbHkphI3Xw4HV6Htz_.WiMe1wDtuFGj0GnnQbLK3w&rut=8a6d44754a8588f81f8dc1eaccafa7c4cd3ae1a656cb522f99e478d55432ad14&u3=https%3A%2F%2Fwww.bing.com%2Faclick%3Fld%3De8sPSeQvg%2DSwmV_tPlRLGKODVUCUzh1eCmJ4Dn_tOxvrzviqki02wyn9TbzgIH7iddqpnH5zwuHl6MOrhSc00ltPDipavIR6YS5uYq_xbqCW5ktv2m004zesjz6j5xpHUFINfL1KjAER7fVAdwoOIqcootuSm%2DcqWnvGz9km9o%2DZ%2Da%2DQCKumOAklwHb3%2DgBpOz_X272w%26u%3DaHR0cHMlM2ElMmYlMmZ3d3cudHJpcGFkdmlzb3IuY29tJTJmU21hcnREZWFscyUzZmdlbyUzZDE4OTk1NCUyNnpmdCUzZDkxOTAlMjZtJTNkMTEwMDQlMjZzdXBjbSUzZDI5NTAwNjc4MSUyNnN1cGFnJTNkMTI2MDA0MDQxMjYzOTA4OCUyNnN1cHRpJTNka3dkLTc4NzUyNTYzNTU4NTEwJTNhbG9jLTE5MCUyNnN1cGFpJTNkNzg3NTI3MjY2MTczMjQlMjZzdXBkdiUzZGMlMjZzdXBudCUzZHMlMjZzdXBrdyUzZEJyZWFrZmFzdCUyNTIwYXQlMjUyMEFrdXJleXJpJTI1MjBBaXJibmIlMjUyMEljZWxhbmQlMjUyMHRyYXZlbCUyNm1zY2xraWQlM2Q4YTUzZmQ2MDllZGQxM2EwMTFkODlhODQyZWFiMGZiYg%26rlid%3D8a53fd609edd13a011d89a842eab0fbb&vqd=4-176207519532121277102835378703475320518&iurl=%7B1%7DIG%3D512FF42D3B354AD89FA0AFB551CD089D%26CID%3D27D658F5C4B760C923164D49C53F61C4%26ID%3DDevEx%2C5048.1
Fixed,Day 8,Check in at The Painter's House Airbnb,Added new,N/A,https://www.airbnb.com/rooms/809945059653158990
Fixed,Day 8,Dinner at Kaffi Rauðka,Added new,N/A,https://www.northiceland.is/en/service/kaffi-raudka
Fixed,Day 8,Drive to Hofsós,Added new,N/A,https://guidetoiceland.is/travel-iceland/drive/hofsos
Fixed,Day 8,Drive to Siglufjörður,Added new,N/A,https://guidetoiceland.is/travel-iceland/drive/siglufjordur
Fixed,Day 9,Bad Weather Alternative: Icelandic Settlement Center,Fixed,https://www.settlementcenter.is/,https://www.icelandtravel.is/attractions/settlement-center-of-iceland/
Fixed,Day 9,Bad Weather Alternative: Library of Water,Fixed,https://www.libraryofwater.is/,https://www.icelandtravel.is/attractions/library-of-water/
Fixed,Day 9,Bad Weather Alternative: Volcano Museum,Fixed,http://www.eldfjallasafn.is/en/,https://guidetoiceland.is/best-of-iceland/best-volcanic-experiences-in-iceland
Fixed,Day 9,Breakfast at Siglufjörður Airbnb,Added new,N/A,https://www.airbnb.com/siglufjordur-iceland/stays
Fixed,Day 9,Drive to Grafarkirkja,Added new,N/A,https://icelandtravelguide.is/locations/grafarkirkja-turf-church/
Fixed,Day 9,Grafarkirkja,Added new,N/A,https://icelandtravelguide.is/locations/grafarkirkja-turf-church/
Fixed,Day 10,Alternative: Berserkjahraun Lava Field,Added new,N/A,https://www.tripadvisor.com/Attraction_Review-g1185905-d13230524-Reviews-Berserkjahraun-Snaefellsbaer_West_Region.html
Fixed,Day 10,Alternative: Ingjaldshóll Church,Added new,N/A,https://www.facebook.com/groups/bluelagooniceland/posts/971291748534813/
Fixed,Day 10,Alternative: Rauðfeldsgjá Gorge,Added new,N/A,https://guidetoiceland.is/travel-iceland/drive/raudfeldsgja-gorge
Fixed,Day 10,Alternative: Stykkishólmur Town,Added new,N/A,https://guidetoiceland.is/travel-iceland/drive/stykkisholmur
Fixed,Day 10,Alternative: Svörtuloft Lighthouse,Added new,N/A,https://www.facebook.com/groups/bluelagooniceland/posts/928177802846208/
Fixed,Day 10,Bad Weather Alternative: Library of Water,Fixed,https://www.libraryofwater.is/,https://www.tripadvisor.com/Attraction_Review-g189983-d3194065-Reviews-Library_of_Water-Stykkisholmur_West_Region.html
Fixed,Day 10,Bad Weather Alternative: Pakkhús Museum,Added new,N/A,https://www.visiticeland.com/service-provider/5ec7d096a90548233654DD08
Fixed,Day 10,Bad Weather Alternative: Shark Museum (Bjarnarhöfn),Added new,N/A,https://www.stuckiniceland.com/icelandic-shark-bjarnarhofn/
Fixed,Day 10,Breakfast at The Old Post Office,Added new,N/A,https://www.tripadvisor.com/Hotel_Review-g666462-d2157652-Reviews-The_Old_Post_Office_Guest_House-Grundarfjorour_West_Region.html
Fixed,Day 10,Check in at Airbnb in Akranes,Added new,N/A,https://www.facebook.com/groups/bluelagooniceland/posts/917153747281947/
Fixed,Day 10,Djúpalónssandur Black Pebble Beach,Added new,N/A,https://icelandtravelguide.is/locations/djupalonssandur/
Fixed,Day 10,Drive to Akranes,Added new,N/A,https://www.facebook.com/groups/bluelagooniceland/posts/806531335010856/
Fixed,Day 10,Drive to Djúpalónssandur,Added new,N/A,https://www.sim1.se/ice/djupalon/djupalon.html
Fixed,Day 10,Drive to Hellnar,Added new,N/A,https://travellingtheworldsolo.com/2019/09/17/a-pretty-much-perfect-10-day-ring-road-itinerary-guide-to-travel-in-iceland/
Fixed,Day 10,Drive to Ytri Tunga Beach,Added new,N/A,https://guidetoiceland.is/travel-iceland/drive/ytri-tunga-beach
Fixed,Day 10,Gerðuberg Basalt Columns,Added new,N/A,https://guidetoiceland.is/travel-iceland/drive/gerduberg
Fixed,Day 10,Hellnar to Arnarstapi Coastal Path,Added new,N/A,https://siggadottir.com/an-easy-hike-from-arnarstapi/
Fixed,Day 10,Lanbrotalaug Hot Spring,Added new,N/A,https://media.worldnomads.com/guides/new/iceland-insiders-guide.pdf
Fixed,Day 10,Lunch at Fjöruhúsið in Hellnar,Added new,N/A,https://www.tripadvisor.com/Restaurant_Review-g671732-d2354459-Reviews-Fjoruhusid-Hellnar_West_Region.html
Fixed,Day 10,Vatnshellir Cave,Added new,N/A,https://guidetoiceland.is/book-holiday-trips/cave-vatnshellir
Fixed,Day 10,Ytri Tunga Beach,Added new,N/A,https://www.tripadvisor.com/Attraction_Review-g1537454-d12588973-Reviews-Ytri_Tunga_Beach-Budir_West_Region.html
Fixed,Day 11,Airport Check-in,Added new,N/A,https://www.icelandair.com/support/pre-flight/check-in/
Fixed,Day 11,Alternative: Hallgrímskirkja Observation Deck,Added new,N/A,https://www.introducingiceland.com/hallgrimskirkja
Fixed,Day 11,Alternative: Reykjanes Peninsula Geothermal Areas,Added new,N/A,https://humphreystravel.com/2023/07/25/a-whole-different-world-icelands-reykjanes-peninsula/
Fixed,Day 11,Bad Weather Alternative: National Museum of Iceland,Fixed,https://www.tripadvisor.com/FAQ_Answers-g189970-d624551-t4510406-How_long_should_I_plan_to_visit_the_museum.html,https://www.tripadvisor.com/FAQ_Answers-g189970-d624551-t4510406-How_long_should_I_plan_to_visit_the_museum.html
Fixed,Day 11,Breakfast at Airbnb,Added new,N/A,https://www.reddit.com/r/VisitingIceland/comments/17itsas/where_to_stay_hotel_vs_airbnb/
Fixed,Day 11,Check out and depart for Reykjavík,Added new,N/A,https://travel.state.gov/content/travel/en/international-travel/International-Travel-Country-Information-Pages/Iceland.html
Fixed,Day 11,Drive to Keflavík International Airport,Added new,N/A,https://guidetoiceland.is/travel-iceland/drive/keflavik-international-airport
Fixed,Day 11,Duty-Free Shopping and Relaxation,Added new,N/A,https://www.flydenver.com/
Fixed,Day 11,Farewell Lunch in Reykjavík,Added new,N/A,https://www.facebook.com/groups/bluelagooniceland/posts/790548939942429/
Fixed,Day 11,Flight Departure,Added new,N/A,https://www.icelandair.com/support/pre-flight/flight-status/
Fixed,Day 11,Return Rental Car,Added new,N/A,https://www.tripadvisor.com/ShowTopic-g189952-i223-k12184606-Timing_of_rental_car_return_etc-Iceland.html
Fixed,Day 11,Shopping in Reykjavík,Added new,N/A,https://www.reddit.com/r/VisitingIceland/comments/13skoh5/last_full_day_in_reykjavik_shopping_questions/
Fixed,Day 11,Visit to Seltjarnarnes Peninsula,Added new,N/A,https://www.tripadvisor.com/Attraction_Review-g3195219-d3195245-Reviews-Seltjarnarnes_Peninsula_Jogging_Path-Seltjarnarnes_Reykjavik_Capital_Region.html
